gene,hostpot,AA_mut,hg38,cds_mut,type,ref,alt,hg19
TP53,R248Q,p.R248Q,17:7674220-7674220,c.743G>A,,G,A,chr17:7577538-7577538
TP53,R273H,p.R273H,17:7673802-7673802,c.818G>A,,G,A,chr17:7577120-7577120
TP53,R248W,p.R248W,17:7674221-7674221,c.742C>T,,C,T,chr17:7577539-7577539
TP53,R273C,p.R273C,17:7673803-7673803,c.817C>T,,C,T,chr17:7577121-7577121
TP53,R282W,p.R282W,17:7673776-7673776,c.844C>T,,C,T,chr17:7577094-7577094
TP53,G245S,p.G245S,17:7674230-7674230,c.733G>A,,G,A,chr17:7577548-7577548
TP53,R249S,p.R249S,17:7674216-7674216,c.747G>C,,G,C,chr17:7577534-7577534
TP53,Y220C,p.Y220C,17:7674872-7674872,c.659A>G,,A,G,chr17:7578190-7578190
TP53,V157F,p.V157F,17:7675143-7675143,c.469G>T,,G,T,chr17:7578461-7578461
TP53,C176F,p.C176F,17:7675085-7675085,c.527G>T,,G,T,chr17:7578403-7578403
TP53,M237I,p.M237I,17:7674252-7674252,c.711G>T,,G,T,chr17:7577570-7577570
TP53,E285K,p.E285K,17:7673767-7673767,c.853G>A,,G,A,chr17:7577085-7577085
TP53,H179R,p.H179R,17:7675076-7675076,c.536A>G,,A,G,chr17:7578394-7578394
TP53,Y163C,p.Y163C,17:7675124-7675124,c.488A>G,,A,G,chr17:7578442-7578442
TP53,G245D,p.G245D,17:7674229-7674229,c.734G>A,,G,A,chr17:7577547-7577547
TP53,B-R273L,p.R273L,17:7673802-7673802,c.818G>T,,G,T,chr17:7577120-7577120
TP53,Y234C,p.Y234C,17:7674262-7674262,c.701A>G,,A,G,chr17:7577580-7577580
TP53,H179Y,p.H179Y,17:7675077-7675077,c.535C>T,,C,T,chr17:7578395-7578395
TP53,B-R248L,p.R248L,17:7674220-7674220,c.743G>T,,G,T,chr17:7577538-7577538
TP53,R158H,p.R158H,17:7675139-7675139,c.473G>A,,G,A,chr17:7578457-7578457
TP53,P151S,p.P151S,17:7675161-7675161,c.451C>T,,C,T,chr17:7578479-7578479
TP53,H193R,p.H193R,17:7674953-7674953,c.578A>G,,A,G,chr17:7578271-7578271
TP53,K132N,p.K132N,17:7675216-7675216,c.396G>T,,G,T,chr17:7578534-7578534
TP53,K132X,p.K132*,17:7675218-7675218,c.394A>T,,A,T,chr17:7578536-7578536
TP53,Q192X,p.Q192*,17:7674957-7674957,c.574C>T,,C,T,chr17:7578275-7578275
TP53,R213Q,p.R213Q,17:7674893-7674893,c.638G>A,,G,A,chr17:7578211-7578211
TP53,R213X,p.R213*,17:7674894-7674894,c.637C>T,nonsense,C,T,chr17:7578212-7578212
TP53,V137fs,p.V173fs*8,,c.516_517insN,frameshift_insertion,,,
PIK3CA,PIK3CA:uc003fjk.3:exon10:c.G1633A:p.E545K,p.E545K,3:179218303-179218303,c.1633G>A,,G,A,chr3:178936091-178936091
PIK3CA,"PIK3CA:uc003fjk.3:exon10:c.A1634G:p.E545G, ",p.E545G,3:179218304-179218304,c.1634A>G,,A,G,chr3:178936092-178936092
PIK3CA,PIK3CA:uc003fjk.3:exon10:c.A1637C:p.Q546P,p.Q546P,3:179218307-179218307,c.1637A>C,,A,C,chr3:178936095-178936095
PIK3CA,PIK3CA:uc003fjk.3:exon10:c.C1636A:p.Q546K,p.Q546K,3:179218306-179218306,c.1636C>A,,C,A,chr3:178936094-178936094
PIK3CA,PIK3CA:uc003fjk.3:exon10:c.G1624A:p.E542K,p.E542K,3:179218294-179218294,c.1624G>A,,G,A,chr3:178936082-178936082
PIK3CA,PIK3CA:uc003fjk.3:exon21:c.A3140G:p.H1047R,p.H1047R,3:179234297-179234297,c.3140A>G,,A,G,chr3:178952085-178952085
PIK3CA,PIK3CA:uc003fjk.3:exon21:c.A3140T:p.H1047L,p.H1047L,3:179234297-179234297,c.3140A>T,,A,T,chr3:178952085-178952085
PIK3CA,PIK3CA:uc003fjk.3:exon5:c.T1035A:p.N345K,p.N345K,3:179203765-179203765,c.1035T>A,,T,A,chr3:178921553-178921553
PIK3CA,PIK3CA:uc003fjk.3:exon8:c.T1258C:p.C420R,p.C420R,3:179210192-179210192,c.1258T>C,,T,C,chr3:178927980-178927980